old_path,new_path
assets/icon/collectdesk-apple-touch-icon.png,assets/icon/jobdue-apple-touch-icon.png
assets/icon/collectdesk-icon-192.png,assets/icon/jobdue-icon-192.png
assets/icon/collectdesk-icon-512.png,assets/icon/jobdue-icon-512.png
assets/icon/collectdesk-product-mark-128.png,assets/icon/jobdue-product-mark-128.png
assets/icon/collectdesk-tab-data-128.png,assets/icon/jobdue-tab-data-128.png
assets/icon/collectdesk-tab-jobs-128.png,assets/icon/jobdue-tab-jobs-128.png
assets/icon/collectdesk-tab-money-128.png,assets/icon/jobdue-tab-money-128.png
assets/icon/collectdesk-tab-today-128.png,assets/icon/jobdue-tab-today-128.png
assets/video/CollectDeskFinalLaunchVideo.mp4,assets/video/JobDueFinalLaunchVideo.mp4
CollectDesk.html,JobDue.html
landing/assets/collectdesk-app-today-screenshot.png,landing/assets/jobdue-app-today-screenshot.png
landing/assets/collectdesk-apple-touch-icon.png,landing/assets/jobdue-apple-touch-icon.png
landing/assets/collectdesk-data-tab.jpg,landing/assets/jobdue-data-tab.jpg
landing/assets/collectdesk-guide-cover.jpg,landing/assets/jobdue-guide-cover.jpg
landing/assets/collectdesk-guide-cover.webp,landing/assets/jobdue-guide-cover.webp
landing/assets/collectdesk-guide-data.png,landing/assets/jobdue-guide-data.png
landing/assets/collectdesk-guide-included.jpg,landing/assets/jobdue-guide-included.jpg
landing/assets/collectdesk-guide-jobs.png,landing/assets/jobdue-guide-jobs.png
landing/assets/collectdesk-guide-money.png,landing/assets/jobdue-guide-money.png
landing/assets/collectdesk-guide-product.png,landing/assets/jobdue-guide-product.png
landing/assets/collectdesk-guide-today.png,landing/assets/jobdue-guide-today.png
landing/assets/collectdesk-icon-192.png,landing/assets/jobdue-icon-192.png
landing/assets/collectdesk-jobs-tab.jpg,landing/assets/jobdue-jobs-tab.jpg
landing/assets/collectdesk-money-tab.jpg,landing/assets/jobdue-money-tab.jpg
landing/assets/collectdesk-og-image.jpg,landing/assets/jobdue-og-image.jpg
landing/assets/collectdesk-product-overview.jpg,landing/assets/jobdue-product-overview.jpg
landing/assets/collectdesk-today-dashboard.jpg,landing/assets/jobdue-today-dashboard.jpg
landing/assets/collectdesk-today-money-to-collect-desktop-2x.png,landing/assets/jobdue-today-money-to-collect-desktop-2x.png
landing/assets/collectdesk-today-money-to-collect-desktop-2x.webp,landing/assets/jobdue-today-money-to-collect-desktop-2x.webp
landing/assets/collectdesk-today-money-to-collect-desktop.png,landing/assets/jobdue-today-money-to-collect-desktop.png
landing/assets/CollectDeskFinalLaunchVideo.mp4,landing/assets/JobDueFinalLaunchVideo.mp4
marketing/us-canada-outreach/CollectDesk-Outreach-Leads.xlsx,marketing/us-canada-outreach/JobDue-Outreach-Leads.xlsx
project-materials/buyer-package-draft/CollectDesk-Buyer-Package.zip,project-materials/buyer-package-draft/JobDue-Buyer-Package.zip
project-materials/buyer-package-draft/CollectDesk.html,project-materials/buyer-package-draft/JobDue.html
project-materials/docs/CollectDesk_Market_Analysis_Report.pdf,project-materials/docs/JobDue_Market_Analysis_Report.pdf
project-materials/listing-materials/03-video/remotion/public/brand/collectdesk-icon-512.png,project-materials/listing-materials/03-video/remotion/public/brand/jobdue-icon-512.png
project-materials/listing-materials/03-video/remotion/public/brand/collectdesk-product-mark-128.png,project-materials/listing-materials/03-video/remotion/public/brand/jobdue-product-mark-128.png
release/cloudflare-pages-landing-20260603-185435/assets/collectdesk-app-today-screenshot.png,release/cloudflare-pages-landing-20260603-185435/assets/jobdue-app-today-screenshot.png
release/cloudflare-pages-landing-20260603-185435/assets/collectdesk-apple-touch-icon.png,release/cloudflare-pages-landing-20260603-185435/assets/jobdue-apple-touch-icon.png
release/cloudflare-pages-landing-20260603-185435/assets/collectdesk-data-tab.jpg,release/cloudflare-pages-landing-20260603-185435/assets/jobdue-data-tab.jpg
release/cloudflare-pages-landing-20260603-185435/assets/collectdesk-guide-cover.jpg,release/cloudflare-pages-landing-20260603-185435/assets/jobdue-guide-cover.jpg
release/cloudflare-pages-landing-20260603-185435/assets/collectdesk-guide-cover.webp,release/cloudflare-pages-landing-20260603-185435/assets/jobdue-guide-cover.webp
release/cloudflare-pages-landing-20260603-185435/assets/collectdesk-guide-data.png,release/cloudflare-pages-landing-20260603-185435/assets/jobdue-guide-data.png
release/cloudflare-pages-landing-20260603-185435/assets/collectdesk-guide-included.jpg,release/cloudflare-pages-landing-20260603-185435/assets/jobdue-guide-included.jpg
release/cloudflare-pages-landing-20260603-185435/assets/collectdesk-guide-jobs.png,release/cloudflare-pages-landing-20260603-185435/assets/jobdue-guide-jobs.png
release/cloudflare-pages-landing-20260603-185435/assets/collectdesk-guide-money.png,release/cloudflare-pages-landing-20260603-185435/assets/jobdue-guide-money.png
release/cloudflare-pages-landing-20260603-185435/assets/collectdesk-guide-product.png,release/cloudflare-pages-landing-20260603-185435/assets/jobdue-guide-product.png
release/cloudflare-pages-landing-20260603-185435/assets/collectdesk-guide-today.png,release/cloudflare-pages-landing-20260603-185435/assets/jobdue-guide-today.png
release/cloudflare-pages-landing-20260603-185435/assets/collectdesk-icon-192.png,release/cloudflare-pages-landing-20260603-185435/assets/jobdue-icon-192.png
release/cloudflare-pages-landing-20260603-185435/assets/collectdesk-jobs-tab.jpg,release/cloudflare-pages-landing-20260603-185435/assets/jobdue-jobs-tab.jpg
release/cloudflare-pages-landing-20260603-185435/assets/collectdesk-money-tab.jpg,release/cloudflare-pages-landing-20260603-185435/assets/jobdue-money-tab.jpg
release/cloudflare-pages-landing-20260603-185435/assets/collectdesk-og-image.jpg,release/cloudflare-pages-landing-20260603-185435/assets/jobdue-og-image.jpg
release/cloudflare-pages-landing-20260603-185435/assets/collectdesk-product-overview.jpg,release/cloudflare-pages-landing-20260603-185435/assets/jobdue-product-overview.jpg
release/cloudflare-pages-landing-20260603-185435/assets/collectdesk-today-dashboard.jpg,release/cloudflare-pages-landing-20260603-185435/assets/jobdue-today-dashboard.jpg
release/cloudflare-pages-landing-20260603-185435/assets/collectdesk-today-money-to-collect-desktop-2x.png,release/cloudflare-pages-landing-20260603-185435/assets/jobdue-today-money-to-collect-desktop-2x.png
release/cloudflare-pages-landing-20260603-185435/assets/collectdesk-today-money-to-collect-desktop-2x.webp,release/cloudflare-pages-landing-20260603-185435/assets/jobdue-today-money-to-collect-desktop-2x.webp
release/cloudflare-pages-landing-20260603-185435/assets/collectdesk-today-money-to-collect-desktop.png,release/cloudflare-pages-landing-20260603-185435/assets/jobdue-today-money-to-collect-desktop.png
release/cloudflare-pages-landing-20260603-185435/assets/CollectDeskFinalLaunchVideo.mp4,release/cloudflare-pages-landing-20260603-185435/assets/JobDueFinalLaunchVideo.mp4
release/cloudflare-pages-landing-20260603-190215/assets/collectdesk-app-today-screenshot.png,release/cloudflare-pages-landing-20260603-190215/assets/jobdue-app-today-screenshot.png
release/cloudflare-pages-landing-20260603-190215/assets/collectdesk-apple-touch-icon.png,release/cloudflare-pages-landing-20260603-190215/assets/jobdue-apple-touch-icon.png
release/cloudflare-pages-landing-20260603-190215/assets/collectdesk-data-tab.jpg,release/cloudflare-pages-landing-20260603-190215/assets/jobdue-data-tab.jpg
release/cloudflare-pages-landing-20260603-190215/assets/collectdesk-guide-cover.jpg,release/cloudflare-pages-landing-20260603-190215/assets/jobdue-guide-cover.jpg
release/cloudflare-pages-landing-20260603-190215/assets/collectdesk-guide-cover.webp,release/cloudflare-pages-landing-20260603-190215/assets/jobdue-guide-cover.webp
release/cloudflare-pages-landing-20260603-190215/assets/collectdesk-guide-data.png,release/cloudflare-pages-landing-20260603-190215/assets/jobdue-guide-data.png
release/cloudflare-pages-landing-20260603-190215/assets/collectdesk-guide-included.jpg,release/cloudflare-pages-landing-20260603-190215/assets/jobdue-guide-included.jpg
release/cloudflare-pages-landing-20260603-190215/assets/collectdesk-guide-jobs.png,release/cloudflare-pages-landing-20260603-190215/assets/jobdue-guide-jobs.png
release/cloudflare-pages-landing-20260603-190215/assets/collectdesk-guide-money.png,release/cloudflare-pages-landing-20260603-190215/assets/jobdue-guide-money.png
release/cloudflare-pages-landing-20260603-190215/assets/collectdesk-guide-product.png,release/cloudflare-pages-landing-20260603-190215/assets/jobdue-guide-product.png
release/cloudflare-pages-landing-20260603-190215/assets/collectdesk-guide-today.png,release/cloudflare-pages-landing-20260603-190215/assets/jobdue-guide-today.png
release/cloudflare-pages-landing-20260603-190215/assets/collectdesk-icon-192.png,release/cloudflare-pages-landing-20260603-190215/assets/jobdue-icon-192.png
release/cloudflare-pages-landing-20260603-190215/assets/collectdesk-jobs-tab.jpg,release/cloudflare-pages-landing-20260603-190215/assets/jobdue-jobs-tab.jpg
release/cloudflare-pages-landing-20260603-190215/assets/collectdesk-money-tab.jpg,release/cloudflare-pages-landing-20260603-190215/assets/jobdue-money-tab.jpg
release/cloudflare-pages-landing-20260603-190215/assets/collectdesk-og-image.jpg,release/cloudflare-pages-landing-20260603-190215/assets/jobdue-og-image.jpg
release/cloudflare-pages-landing-20260603-190215/assets/collectdesk-product-overview.jpg,release/cloudflare-pages-landing-20260603-190215/assets/jobdue-product-overview.jpg
release/cloudflare-pages-landing-20260603-190215/assets/collectdesk-today-dashboard.jpg,release/cloudflare-pages-landing-20260603-190215/assets/jobdue-today-dashboard.jpg
release/cloudflare-pages-landing-20260603-190215/assets/collectdesk-today-money-to-collect-desktop-2x.png,release/cloudflare-pages-landing-20260603-190215/assets/jobdue-today-money-to-collect-desktop-2x.png
release/cloudflare-pages-landing-20260603-190215/assets/collectdesk-today-money-to-collect-desktop-2x.webp,release/cloudflare-pages-landing-20260603-190215/assets/jobdue-today-money-to-collect-desktop-2x.webp
release/cloudflare-pages-landing-20260603-190215/assets/collectdesk-today-money-to-collect-desktop.png,release/cloudflare-pages-landing-20260603-190215/assets/jobdue-today-money-to-collect-desktop.png
release/cloudflare-pages-landing-20260603-190215/assets/CollectDeskFinalLaunchVideo.mp4,release/cloudflare-pages-landing-20260603-190215/assets/JobDueFinalLaunchVideo.mp4
release/gumroad/assets/collectdesk-apple-touch-icon.png,release/gumroad/assets/jobdue-apple-touch-icon.png
release/gumroad/assets/collectdesk-icon-192.png,release/gumroad/assets/jobdue-icon-192.png
release/gumroad/assets/collectdesk-icon-512.png,release/gumroad/assets/jobdue-icon-512.png
release/gumroad/assets/collectdesk-product-mark-128.png,release/gumroad/assets/jobdue-product-mark-128.png
release/gumroad/assets/collectdesk-tab-data-128.png,release/gumroad/assets/jobdue-tab-data-128.png
release/gumroad/assets/collectdesk-tab-jobs-128.png,release/gumroad/assets/jobdue-tab-jobs-128.png
release/gumroad/assets/collectdesk-tab-money-128.png,release/gumroad/assets/jobdue-tab-money-128.png
release/gumroad/assets/collectdesk-tab-today-128.png,release/gumroad/assets/jobdue-tab-today-128.png
release/gumroad/assets/CollectDeskFinalLaunchVideo.mp4,release/gumroad/assets/JobDueFinalLaunchVideo.mp4
release/gumroad/CollectDesk-Buyer-Package.zip,release/gumroad/JobDue-Buyer-Package.zip
release/gumroad/CollectDesk.html,release/gumroad/JobDue.html
release/hostinger-landing-20260519-125447/assets/collectdesk-app-today-screenshot.png,release/hostinger-landing-20260519-125447/assets/jobdue-app-today-screenshot.png
release/hostinger-landing-20260519-125447/assets/collectdesk-apple-touch-icon.png,release/hostinger-landing-20260519-125447/assets/jobdue-apple-touch-icon.png
release/hostinger-landing-20260519-125447/assets/collectdesk-data-tab.jpg,release/hostinger-landing-20260519-125447/assets/jobdue-data-tab.jpg
release/hostinger-landing-20260519-125447/assets/collectdesk-guide-cover.jpg,release/hostinger-landing-20260519-125447/assets/jobdue-guide-cover.jpg
release/hostinger-landing-20260519-125447/assets/collectdesk-guide-cover.webp,release/hostinger-landing-20260519-125447/assets/jobdue-guide-cover.webp
release/hostinger-landing-20260519-125447/assets/collectdesk-guide-data.png,release/hostinger-landing-20260519-125447/assets/jobdue-guide-data.png
release/hostinger-landing-20260519-125447/assets/collectdesk-guide-included.jpg,release/hostinger-landing-20260519-125447/assets/jobdue-guide-included.jpg
release/hostinger-landing-20260519-125447/assets/collectdesk-guide-jobs.png,release/hostinger-landing-20260519-125447/assets/jobdue-guide-jobs.png
release/hostinger-landing-20260519-125447/assets/collectdesk-guide-money.png,release/hostinger-landing-20260519-125447/assets/jobdue-guide-money.png
release/hostinger-landing-20260519-125447/assets/collectdesk-guide-product.png,release/hostinger-landing-20260519-125447/assets/jobdue-guide-product.png
release/hostinger-landing-20260519-125447/assets/collectdesk-guide-today.png,release/hostinger-landing-20260519-125447/assets/jobdue-guide-today.png
release/hostinger-landing-20260519-125447/assets/collectdesk-icon-192.png,release/hostinger-landing-20260519-125447/assets/jobdue-icon-192.png
release/hostinger-landing-20260519-125447/assets/collectdesk-jobs-tab.jpg,release/hostinger-landing-20260519-125447/assets/jobdue-jobs-tab.jpg
release/hostinger-landing-20260519-125447/assets/collectdesk-money-tab.jpg,release/hostinger-landing-20260519-125447/assets/jobdue-money-tab.jpg
release/hostinger-landing-20260519-125447/assets/collectdesk-og-image.jpg,release/hostinger-landing-20260519-125447/assets/jobdue-og-image.jpg
release/hostinger-landing-20260519-125447/assets/collectdesk-product-overview.jpg,release/hostinger-landing-20260519-125447/assets/jobdue-product-overview.jpg
release/hostinger-landing-20260519-125447/assets/collectdesk-today-dashboard.jpg,release/hostinger-landing-20260519-125447/assets/jobdue-today-dashboard.jpg
release/hostinger-landing-20260519-125447/assets/collectdesk-today-money-to-collect-desktop-2x.png,release/hostinger-landing-20260519-125447/assets/jobdue-today-money-to-collect-desktop-2x.png
release/hostinger-landing-20260519-125447/assets/collectdesk-today-money-to-collect-desktop-2x.webp,release/hostinger-landing-20260519-125447/assets/jobdue-today-money-to-collect-desktop-2x.webp
release/hostinger-landing-20260519-125447/assets/collectdesk-today-money-to-collect-desktop.png,release/hostinger-landing-20260519-125447/assets/jobdue-today-money-to-collect-desktop.png
release/hostinger-landing-20260519-125447/assets/CollectDeskFinalLaunchVideo.mp4,release/hostinger-landing-20260519-125447/assets/JobDueFinalLaunchVideo.mp4
release/netlify-pwa/assets/collectdesk-apple-touch-icon.png,release/netlify-pwa/assets/jobdue-apple-touch-icon.png
release/netlify-pwa/assets/collectdesk-icon-192.png,release/netlify-pwa/assets/jobdue-icon-192.png
release/netlify-pwa/assets/collectdesk-icon-512.png,release/netlify-pwa/assets/jobdue-icon-512.png
release/netlify-pwa/assets/collectdesk-product-mark-128.png,release/netlify-pwa/assets/jobdue-product-mark-128.png
release/netlify-pwa/assets/collectdesk-tab-data-128.png,release/netlify-pwa/assets/jobdue-tab-data-128.png
release/netlify-pwa/assets/collectdesk-tab-jobs-128.png,release/netlify-pwa/assets/jobdue-tab-jobs-128.png
release/netlify-pwa/assets/collectdesk-tab-money-128.png,release/netlify-pwa/assets/jobdue-tab-money-128.png
release/netlify-pwa/assets/collectdesk-tab-today-128.png,release/netlify-pwa/assets/jobdue-tab-today-128.png
