file,size_bytes
android-setup-poster.png,60463
Android-Setup-Video.mp4,90289
Image-today.png,1322847
Image-today.webp,100008
iphone-ipad-setup-poster.png,57282
iPhone-iPad-Setup-Video.mp4,90516
jobdue-app-today-screenshot.png,70673
jobdue-apple-touch-icon.png,3864
jobdue-data-tab.jpg,208192
jobdue-guide-cover.jpg,2912980
jobdue-guide-cover.webp,294792
jobdue-guide-data.png,1312953
jobdue-guide-included.jpg,3111355
jobdue-guide-jobs.png,1373868
jobdue-guide-money.png,1371141
jobdue-guide-product.png,1423512
jobdue-guide-today.png,1322847
jobdue-icon-192.png,4039
jobdue-icon-512.png,11137
jobdue-jobs-tab.jpg,215096
jobdue-logo-mark.svg,1021
jobdue-money-tab.jpg,213522
jobdue-og-image.jpg,91387
jobdue-product-mark-128.png,2817
jobdue-product-overview.jpg,237034
jobdue-tab-data-128.png,3652
jobdue-tab-jobs-128.png,1791
jobdue-tab-money-128.png,2504
jobdue-tab-today-128.png,1754
jobdue-today-dashboard.jpg,199222
jobdue-today-money-to-collect-desktop-2x.png,594243
jobdue-today-money-to-collect-desktop-2x.webp,93112
jobdue-today-money-to-collect-desktop.png,79710
JobDueFinalLaunchVideo.mp4,224564
